Date,Account,StockTicker,Cusip,SecurityName,Shares,Price,MarketValue,Weightings,NetAssets,SharesOutstanding,CreationUnits,MoneyMarketFlag
09/21/2026,XSPI,2602335D,BBG01Y2F01K3,"TPG Inc",118,$0.00,$0.00,0.00%,"$113,242,790.00","2,290,000",229,
09/21/2026,XSPI,A,00846U101,"Agilent Technologies Inc",459,$156.47,"$71,819.73",0.06%,"$113,242,790.00","2,290,000",229,
09/21/2026,XSPI,AAPL,037833100,"Apple Inc","25,969",$336.13,"$8,728,959.97",7.71%,"$113,242,790.00","2,290,000",229,
09/21/2026,XSPI,ABBV,00287Y109,"AbbVie Inc","3,083",$263.96,"$813,788.68",0.72%,"$113,242,790.00","2,290,000",229,
09/21/2026,XSPI,ABNB,009066101,"Airbnb Inc",687,$166.22,"$114,193.14",0.10%,"$113,242,790.00","2,290,000",229,
09/21/2026,XSPI,ABT,002824100,"Abbott Laboratories","3,013",$102.61,"$309,163.93",0.27%,"$113,242,790.00","2,290,000",229,
09/21/2026,XSPI,ACGL,G0450A105,"Arch Capital Group Ltd",526,$96.89,"$50,964.14",0.05%,"$113,242,790.00","2,290,000",229,
09/21/2026,XSPI,ACN,G1151C101,"Accenture PLC",978,$181.29,"$177,301.62",0.16%,"$113,242,790.00","2,290,000",229,
09/21/2026,XSPI,ADBE,00724F101,"Adobe Inc",703,$248.92,"$174,990.76",0.15%,"$113,242,790.00","2,290,000",229,
09/21/2026,XSPI,ADI,032654105,"Analog Devices Inc",799,$375.72,"$300,200.28",0.27%,"$113,242,790.00","2,290,000",229,
09/21/2026,XSPI,ADM,039483102,"Archer-Daniels-Midland Co",737,$85.18,"$62,777.66",0.06%,"$113,242,790.00","2,290,000",229,
09/21/2026,XSPI,ADP,053015103,"Automatic Data Processing Inc",691,$271.22,"$187,413.02",0.17%,"$113,242,790.00","2,290,000",229,
09/21/2026,XSPI,ADSK,052769106,"Autodesk Inc",300,$216.95,"$65,085.00",0.06%,"$113,242,790.00","2,290,000",229,
09/21/2026,XSPI,AEE,023608102,"Ameren Corp",458,$102.23,"$46,821.34",0.04%,"$113,242,790.00","2,290,000",229,
09/21/2026,XSPI,AEP,025537101,"American Electric Power Co Inc",937,$120.00,"$112,440.00",0.10%,"$113,242,790.00","2,290,000",229,
09/21/2026,XSPI,AES,00130H105,"AES Corp/The","1,159",$14.83,"$17,187.97",0.02%,"$113,242,790.00","2,290,000",229,
09/21/2026,XSPI,AFL,001055102,"Aflac Inc",751,$116.33,"$87,363.83",0.08%,"$113,242,790.00","2,290,000",229,
09/21/2026,XSPI,AIG,026874784,"American International Group Inc",791,$75.33,"$59,586.03",0.05%,"$113,242,790.00","2,290,000",229,
09/21/2026,XSPI,AIZ,04621X108,"Assurant Inc",57,$282.23,"$16,087.11",0.01%,"$113,242,790.00","2,290,000",229,
09/21/2026,XSPI,AJG,363576109,"Arthur J Gallagher & Co",331,$239.48,"$79,267.88",0.07%,"$113,242,790.00","2,290,000",229,
09/21/2026,XSPI,AKAM,00971T101,"Akamai Technologies Inc",229,$104.52,"$23,935.08",0.02%,"$113,242,790.00","2,290,000",229,
09/21/2026,XSPI,ALB,012653101,"Albemarle Corp",113,$110.91,"$12,532.83",0.01%,"$113,242,790.00","2,290,000",229,
09/21/2026,XSPI,ALGN,016255101,"Align Technology Inc",49,$147.61,"$7,232.89",0.01%,"$113,242,790.00","2,290,000",229,
09/21/2026,XSPI,ALL,020002101,"Allstate Corp/The",459,$249.83,"$114,671.97",0.10%,"$113,242,790.00","2,290,000",229,
09/21/2026,XSPI,ALLE,G0176J109,"Allegion plc",75,$152.28,"$11,421.00",0.01%,"$113,242,790.00","2,290,000",229,
09/21/2026,XSPI,AMAT,038222105,"Applied Materials Inc","1,391",$444.57,"$618,396.87",0.55%,"$113,242,790.00","2,290,000",229,
09/21/2026,XSPI,AMCR,G0250X149,"Amcor PLC",773,$41.90,"$32,388.70",0.03%,"$113,242,790.00","2,290,000",229,
09/21/2026,XSPI,AMD,007903107,"Advanced Micro Devices Inc","2,782",$559.82,"$1,557,419.24",1.38%,"$113,242,790.00","2,290,000",229,
09/21/2026,XSPI,AME,031100100,"AMETEK Inc",300,$237.64,"$71,292.00",0.06%,"$113,242,790.00","2,290,000",229,
09/21/2026,XSPI,AMGN,031162100,"Amgen Inc",920,$385.65,"$354,798.00",0.31%,"$113,242,790.00","2,290,000",229,
09/21/2026,XSPI,AMP,03076C106,"Ameriprise Financial Inc",103,$544.33,"$56,065.99",0.05%,"$113,242,790.00","2,290,000",229,
09/21/2026,XSPI,AMT,03027X100,"AMERICAN TOWER CORP",751,$173.98,"$130,658.98",0.12%,"$113,242,790.00","2,290,000",229,
09/21/2026,XSPI,AMZN,023135106,"Amazon.com Inc","17,297",$253.71,"$4,388,421.87",3.88%,"$113,242,790.00","2,290,000",229,
09/21/2026,XSPI,ANET,040413205,"Arista Networks Inc","1,727",$199.39,"$344,346.53",0.30%,"$113,242,790.00","2,290,000",229,
09/21/2026,XSPI,AON,G0403H108,"Aon PLC",300,$295.64,"$88,692.00",0.08%,"$113,242,790.00","2,290,000",229,
09/21/2026,XSPI,AOS,831865209,"A O Smith Corp",229,$56.95,"$13,041.55",0.01%,"$113,242,790.00","2,290,000",229,
09/21/2026,XSPI,APA,03743Q108,"APA Corp",537,$44.87,"$24,095.19",0.02%,"$113,242,790.00","2,290,000",229,
09/21/2026,XSPI,APD,009158106,"Air Products and Chemicals Inc",338,$284.18,"$96,052.84",0.08%,"$113,242,790.00","2,290,000",229,
09/21/2026,XSPI,APH,032095101,"Amphenol Corp","4,200",$77.55,"$325,710.00",0.29%,"$113,242,790.00","2,290,000",229,
09/21/2026,XSPI,APO,03769M106,"Apollo Global Management Inc",751,$125.91,"$94,558.41",0.08%,"$113,242,790.00","2,290,000",229,
09/21/2026,XSPI,APP,03831W108,"AppLovin Corp",458,$308.06,"$141,091.48",0.12%,"$113,242,790.00","2,290,000",229,
09/21/2026,XSPI,APTV,G3265R107,"Aptiv PLC",305,$43.59,"$13,294.95",0.01%,"$113,242,790.00","2,290,000",229,
09/21/2026,XSPI,ARE,015271109,"Alexandria Real Estate Equities Inc",241,$53.30,"$12,845.30",0.01%,"$113,242,790.00","2,290,000",229,
09/21/2026,XSPI,ARES,03990B101,"Ares Management Corp",300,$123.80,"$37,140.00",0.03%,"$113,242,790.00","2,290,000",229,
09/21/2026,XSPI,ATO,049560105,"Atmos Energy Corp",229,$160.30,"$36,708.70",0.03%,"$113,242,790.00","2,290,000",229,
09/21/2026,XSPI,AVGO,11135F101,"Broadcom Inc","8,276",$356.96,"$2,954,200.96",2.61%,"$113,242,790.00","2,290,000",229,
09/21/2026,XSPI,AVY,053611109,"Avery Dennison Corp",56,$167.71,"$9,391.76",0.01%,"$113,242,790.00","2,290,000",229,
09/21/2026,XSPI,AWK,030420103,"American Water Works Co Inc",280,$135.90,"$38,052.00",0.03%,"$113,242,790.00","2,290,000",229,
09/21/2026,XSPI,AXON,05464C101,"Axon Enterprise Inc",91,$447.76,"$40,746.16",0.04%,"$113,242,790.00","2,290,000",229,
09/21/2026,XSPI,AXP,025816109,"American Express Co",918,$311.56,"$286,012.08",0.25%,"$113,242,790.00","2,290,000",229,
09/21/2026,XSPI,AZO,053332102,"AutoZone Inc",19,"$2,855.31","$54,250.89",0.05%,"$113,242,790.00","2,290,000",229,
09/21/2026,XSPI,BA,097023105,"Boeing Co/The","1,396",$198.20,"$276,687.20",0.24%,"$113,242,790.00","2,290,000",229,
09/21/2026,XSPI,BAC,060505104,"Bank of America Corp","11,519",$57.73,"$664,991.87",0.59%,"$113,242,790.00","2,290,000",229,
09/21/2026,XSPI,BALL,058498106,"Ball Corp",340,$60.15,"$20,451.00",0.02%,"$113,242,790.00","2,290,000",229,
09/21/2026,XSPI,BAX,071813109,"Baxter International Inc",775,$22.80,"$17,670.00",0.02%,"$113,242,790.00","2,290,000",229,
09/21/2026,XSPI,BBY,086516101,"Best Buy Co Inc",285,$92.85,"$26,462.25",0.02%,"$113,242,790.00","2,290,000",229,
09/21/2026,XSPI,BDX,075887109,"Becton Dickinson & Co",477,$180.94,"$86,308.38",0.08%,"$113,242,790.00","2,290,000",229,
09/21/2026,XSPI,BEN,354613101,"Franklin Templeton Inc",481,$33.01,"$15,877.81",0.01%,"$113,242,790.00","2,290,000",229,
09/21/2026,XSPI,BF/B,115637209,"Brown-Forman Corp",256,$25.94,"$6,640.64",0.01%,"$113,242,790.00","2,290,000",229,
09/21/2026,XSPI,BG,H11356104,"Bunge Global SA",229,$115.58,"$26,467.82",0.02%,"$113,242,790.00","2,290,000",229,
09/21/2026,XSPI,BIIB,09062X103,"Biogen Inc",229,$215.50,"$49,349.50",0.04%,"$113,242,790.00","2,290,000",229,
09/21/2026,XSPI,BKNG,09857L108,"Booking Holdings Inc","1,379",$167.90,"$231,534.10",0.20%,"$113,242,790.00","2,290,000",229,
09/21/2026,XSPI,BKR,05722G100,"Baker Hughes Co","1,654",$57.25,"$94,691.50",0.08%,"$113,242,790.00","2,290,000",229,
09/21/2026,XSPI,BLDR,12008R107,"Builders FirstSource Inc",113,$58.12,"$6,567.56",0.01%,"$113,242,790.00","2,290,000",229,
09/21/2026,XSPI,BLK,09290D101,"Blackrock Inc",247,"$1,069.78","$264,235.66",0.23%,"$113,242,790.00","2,290,000",229,
09/21/2026,XSPI,BMY,110122108,"Bristol-Myers Squibb Co","3,313",$63.06,"$208,917.78",0.18%,"$113,242,790.00","2,290,000",229,
09/21/2026,XSPI,BNY,064058100,"Bank of New York Mellon Corp/The","1,188",$153.79,"$182,702.52",0.16%,"$113,242,790.00","2,290,000",229,
09/21/2026,XSPI,BR,11133T103,"Broadridge Financial Solutions Inc",113,$163.13,"$18,433.69",0.02%,"$113,242,790.00","2,290,000",229,
09/21/2026,XSPI,BRK/B,084670702,"Berkshire Hathaway Inc","3,224",$509.77,"$1,643,498.48",1.45%,"$113,242,790.00","2,290,000",229,
09/21/2026,XSPI,BRO,115236101,"Brown & Brown Inc",467,$65.02,"$30,364.34",0.03%,"$113,242,790.00","2,290,000",229,
09/21/2026,XSPI,BSX,101137107,"Boston Scientific Corp","2,556",$43.34,"$110,777.04",0.10%,"$113,242,790.00","2,290,000",229,
09/21/2026,XSPI,BX,09260D107,"Blackstone Inc","1,202",$124.96,"$150,201.92",0.13%,"$113,242,790.00","2,290,000",229,
09/21/2026,XSPI,BXP,101121101,"BXP Inc",244,$63.17,"$15,413.48",0.01%,"$113,242,790.00","2,290,000",229,
09/21/2026,XSPI,C,172967424,"Citigroup Inc","2,978",$131.77,"$392,411.06",0.35%,"$113,242,790.00","2,290,000",229,
09/21/2026,XSPI,CAH,14149Y108,"Cardinal Health Inc",349,$225.38,"$78,657.62",0.07%,"$113,242,790.00","2,290,000",229,
09/21/2026,XSPI,CARR,14448C104,"Carrier Global Corp","1,223",$53.88,"$65,895.24",0.06%,"$113,242,790.00","2,290,000",229,
09/21/2026,XSPI,CASY,147528103,"Casey's General Stores Inc",42,$597.48,"$25,094.16",0.02%,"$113,242,790.00","2,290,000",229,
09/21/2026,XSPI,CAT,149123101,"Caterpillar Inc",769,$808.99,"$622,113.31",0.55%,"$113,242,790.00","2,290,000",229,
09/21/2026,XSPI,CB,H1467J104,"Chubb Ltd",578,$340.64,"$196,889.92",0.17%,"$113,242,790.00","2,290,000",229,
09/21/2026,XSPI,CBOE,12503M108,"Cboe Global Markets Inc",75,$272.86,"$20,464.50",0.02%,"$113,242,790.00","2,290,000",229,
09/21/2026,XSPI,CBRE,12504L109,"CBRE Group Inc",480,$139.50,"$66,960.00",0.06%,"$113,242,790.00","2,290,000",229,
09/21/2026,XSPI,CCI,22822V101,"Crown Castle Inc",717,$73.06,"$52,384.02",0.05%,"$113,242,790.00","2,290,000",229,
09/21/2026,XSPI,CCL,G2004J103,"Carnival Corp Ltd","2,061",$21.84,"$45,012.24",0.04%,"$113,242,790.00","2,290,000",229,
09/21/2026,XSPI,CDNS,127387108,"Cadence Design Systems Inc",458,$282.90,"$129,568.20",0.11%,"$113,242,790.00","2,290,000",229,
09/21/2026,XSPI,CDW,12514G108,"CDW Corp/DE",229,$146.19,"$33,477.51",0.03%,"$113,242,790.00","2,290,000",229,
09/21/2026,XSPI,CEG,21037T109,"Constellation Energy Corp",537,$254.71,"$136,779.27",0.12%,"$113,242,790.00","2,290,000",229,
09/21/2026,XSPI,CF,125269100,"CF Industries Holdings Inc",229,$127.70,"$29,243.30",0.03%,"$113,242,790.00","2,290,000",229,
09/21/2026,XSPI,CFG,174610105,"Citizens Financial Group Inc",690,$67.04,"$46,257.60",0.04%,"$113,242,790.00","2,290,000",229,
09/21/2026,XSPI,CHD,171340102,"Church & Dwight Co Inc",333,$94.75,"$31,551.75",0.03%,"$113,242,790.00","2,290,000",229,
09/21/2026,XSPI,CHRW,12541W209,"CH Robinson Worldwide Inc",113,$152.99,"$17,287.87",0.02%,"$113,242,790.00","2,290,000",229,
09/21/2026,XSPI,CHTR,16119P108,"Charter Communications Inc",75,$128.17,"$9,612.75",0.01%,"$113,242,790.00","2,290,000",229,
09/21/2026,XSPI,CI,125523100,"Cigna Group/The",458,$275.28,"$126,078.24",0.11%,"$113,242,790.00","2,290,000",229,
09/21/2026,XSPI,CIEN,171779309,"Ciena Corp",241,$348.80,"$84,060.80",0.07%,"$113,242,790.00","2,290,000",229,
09/21/2026,XSPI,CINF,172062101,"Cincinnati Financial Corp",229,$169.00,"$38,701.00",0.03%,"$113,242,790.00","2,290,000",229,
09/21/2026,XSPI,CL,194162103,"Colgate-Palmolive Co","1,259",$87.47,"$110,124.73",0.10%,"$113,242,790.00","2,290,000",229,
09/21/2026,XSPI,CLX,189054109,"Clorox Co/The",113,$83.10,"$9,390.30",0.01%,"$113,242,790.00","2,290,000",229,
09/21/2026,XSPI,CMCSA,20030N101,"Comcast Corp","5,973",$22.74,"$135,826.02",0.12%,"$113,242,790.00","2,290,000",229,
09/21/2026,XSPI,CME,12572Q105,"CME Group Inc",581,$276.01,"$160,361.81",0.14%,"$113,242,790.00","2,290,000",229,
09/21/2026,XSPI,CMG,169656105,"Chipotle Mexican Grill Inc","2,113",$33.43,"$70,637.59",0.06%,"$113,242,790.00","2,290,000",229,
09/21/2026,XSPI,CMI,231021106,"Cummins Inc",229,$532.23,"$121,880.67",0.11%,"$113,242,790.00","2,290,000",229,
09/21/2026,XSPI,CMS,125896100,"CMS Energy Corp",478,$65.34,"$31,232.52",0.03%,"$113,242,790.00","2,290,000",229,
09/21/2026,XSPI,CNC,15135B101,"Centene Corp",725,$65.11,"$47,204.75",0.04%,"$113,242,790.00","2,290,000",229,
09/21/2026,XSPI,CNP,15189T107,"CenterPoint Energy Inc","1,000",$38.22,"$38,220.00",0.03%,"$113,242,790.00","2,290,000",229,
09/21/2026,XSPI,COF,14040H105,"Capital One Financial Corp","1,041",$202.43,"$210,729.63",0.19%,"$113,242,790.00","2,290,000",229,
09/21/2026,XSPI,COHR,19247G107,"Coherent Corp",304,$317.36,"$96,477.44",0.09%,"$113,242,790.00","2,290,000",229,
09/21/2026,XSPI,COIN,19260Q107,"Coinbase Global Inc",300,$194.25,"$58,275.00",0.05%,"$113,242,790.00","2,290,000",229,
09/21/2026,XSPI,COO,216648501,"Cooper Cos Inc/The",285,$55.29,"$15,757.65",0.01%,"$113,242,790.00","2,290,000",229,
09/21/2026,XSPI,COP,20825C104,ConocoPhillips,"2,105",$131.83,"$277,502.15",0.25%,"$113,242,790.00","2,290,000",229,
09/21/2026,XSPI,COR,03073E105,"Cencora Inc",302,$308.78,"$93,251.56",0.08%,"$113,242,790.00","2,290,000",229,
09/21/2026,XSPI,COST,22160K105,"Costco Wholesale Corp",751,$895.31,"$672,377.81",0.59%,"$113,242,790.00","2,290,000",229,
09/21/2026,XSPI,CPAY,219948106,"Corpay Inc",73,$397.76,"$29,036.48",0.03%,"$113,242,790.00","2,290,000",229,
09/21/2026,XSPI,CPRT,217204106,"Copart Inc","1,416",$29.28,"$41,460.48",0.04%,"$113,242,790.00","2,290,000",229,
09/21/2026,XSPI,CPT,133131102,"Camden Property Trust",92,$99.12,"$9,119.04",0.01%,"$113,242,790.00","2,290,000",229,
09/21/2026,XSPI,CRH,G25508105,"CRH PLC","1,016",$86.15,"$87,528.40",0.08%,"$113,242,790.00","2,290,000",229,
09/21/2026,XSPI,CRL,159864107,"Charles River Laboratories International Inc",55,$278.06,"$15,293.30",0.01%,"$113,242,790.00","2,290,000",229,
09/21/2026,XSPI,CRM,79466L302,"Salesforce Inc","1,460",$237.92,"$347,363.20",0.31%,"$113,242,790.00","2,290,000",229,
09/21/2026,XSPI,CRWD,22788C105,"Crowdstrike Holdings Inc","1,712",$237.65,"$406,856.80",0.36%,"$113,242,790.00","2,290,000",229,
09/21/2026,XSPI,CSCO,17275R102,"Cisco Systems Inc","6,974",$109.51,"$763,722.74",0.67%,"$113,242,790.00","2,290,000",229,
09/21/2026,XSPI,CSGP,22160N109,"CoStar Group Inc",719,$29.09,"$20,915.71",0.02%,"$113,242,790.00","2,290,000",229,
09/21/2026,XSPI,CSX,126408103,"CSX Corp","3,022",$47.10,"$142,336.20",0.13%,"$113,242,790.00","2,290,000",229,
09/21/2026,XSPI,CTAS,172908105,"Cintas Corp",526,$197.64,"$103,958.64",0.09%,"$113,242,790.00","2,290,000",229,
09/21/2026,XSPI,CTSH,192446102,"Cognizant Technology Solutions Corp",772,$59.87,"$46,219.64",0.04%,"$113,242,790.00","2,290,000",229,
09/21/2026,XSPI,CTVA,22052L104,"Corteva Inc","1,016",$80.53,"$81,818.48",0.07%,"$113,242,790.00","2,290,000",229,
09/21/2026,XSPI,CVNA,146869102,"Carvana Co","1,145",$65.11,"$74,550.95",0.07%,"$113,242,790.00","2,290,000",229,
09/21/2026,XSPI,CVS,126650100,"CVS Health Corp","2,114",$88.84,"$187,807.76",0.17%,"$113,242,790.00","2,290,000",229,
09/21/2026,XSPI,CVX,166764100,"Chevron Corp","3,233",$209.51,"$677,345.83",0.60%,"$113,242,790.00","2,290,000",229,
09/21/2026,XSPI,D,25746U109,"Dominion Energy Inc","1,428",$63.58,"$90,792.24",0.08%,"$113,242,790.00","2,290,000",229,
09/21/2026,XSPI,DAL,247361702,"Delta Air Lines Inc","1,000",$79.62,"$79,620.00",0.07%,"$113,242,790.00","2,290,000",229,
09/21/2026,XSPI,DASH,25809K105,"DoorDash Inc",599,$192.94,"$115,571.06",0.10%,"$113,242,790.00","2,290,000",229,
09/21/2026,XSPI,DD,26614N201,"DuPont de Nemours Inc",128,$129.01,"$16,556.28",0.01%,"$113,242,790.00","2,290,000",229,
09/21/2026,XSPI,DDOG,23804L103,"Datadog Inc",501,$229.92,"$115,189.92",0.10%,"$113,242,790.00","2,290,000",229,
09/21/2026,XSPI,DE,244199105,"Deere & Co",367,$683.99,"$251,024.33",0.22%,"$113,242,790.00","2,290,000",229,
09/21/2026,XSPI,DECK,243537107,"Deckers Outdoor Corp",229,$78.43,"$17,960.47",0.02%,"$113,242,790.00","2,290,000",229,
09/21/2026,XSPI,DELL,24703L202,"Dell Technologies Inc",482,$568.06,"$273,804.92",0.24%,"$113,242,790.00","2,290,000",229,
09/21/2026,XSPI,DG,256677105,"Dollar General Corp",300,$122.41,"$36,723.00",0.03%,"$113,242,790.00","2,290,000",229,
09/21/2026,XSPI,DGX,74834L100,"Quest Diagnostics Inc",126,$246.45,"$31,052.70",0.03%,"$113,242,790.00","2,290,000",229,
09/21/2026,XSPI,DHI,23331A109,"DR Horton Inc",342,$138.02,"$47,202.84",0.04%,"$113,242,790.00","2,290,000",229,
09/21/2026,XSPI,DHR,235851102,"Danaher Corp","1,044",$211.81,"$221,129.64",0.20%,"$113,242,790.00","2,290,000",229,
09/21/2026,XSPI,DIS,254687106,"Walt Disney Co/The","2,856",$102.67,"$293,225.52",0.26%,"$113,242,790.00","2,290,000",229,
09/21/2026,XSPI,DLR,253868103,"Digital Realty Trust Inc",509,$182.12,"$92,699.08",0.08%,"$113,242,790.00","2,290,000",229,
09/21/2026,XSPI,DLTR,256746108,"Dollar Tree Inc",271,$111.96,"$30,341.16",0.03%,"$113,242,790.00","2,290,000",229,
09/21/2026,XSPI,DOC,42250P103,"HEALTHPEAK PROPERTIES INC.","1,035",$20.33,"$21,041.55",0.02%,"$113,242,790.00","2,290,000",229,
09/21/2026,XSPI,DOV,260003108,"Dover Corp",229,$187.42,"$42,919.18",0.04%,"$113,242,790.00","2,290,000",229,
09/21/2026,XSPI,DOW,260557103,"Dow Inc","1,210",$28.73,"$34,763.30",0.03%,"$113,242,790.00","2,290,000",229,
09/21/2026,XSPI,DPZ,25754A201,"Domino's Pizza Inc",35,$294.20,"$10,297.00",0.01%,"$113,242,790.00","2,290,000",229,
09/21/2026,XSPI,DRI,237194105,"Darden Restaurants Inc",131,$209.28,"$27,415.68",0.02%,"$113,242,790.00","2,290,000",229,
09/21/2026,XSPI,DTE,233331107,"DTE Energy Co",300,$127.36,"$38,206.50",0.03%,"$113,242,790.00","2,290,000",229,
09/21/2026,XSPI,DUK,26441C204,"Duke Energy Corp","1,218",$117.53,"$143,151.54",0.13%,"$113,242,790.00","2,290,000",229,
09/21/2026,XSPI,DVA,23918K108,"DAVITA INC",37,$183.86,"$6,802.82",0.01%,"$113,242,790.00","2,290,000",229,
09/21/2026,XSPI,DVN,25179M103,"Devon Energy Corp","1,868",$48.61,"$90,803.48",0.08%,"$113,242,790.00","2,290,000",229,
09/21/2026,XSPI,DXCM,252131107,"Dexcom Inc",550,$89.35,"$49,142.50",0.04%,"$113,242,790.00","2,290,000",229,
09/21/2026,XSPI,EBAY,278642103,"eBay Inc",716,$111.84,"$80,077.44",0.07%,"$113,242,790.00","2,290,000",229,
09/21/2026,XSPI,ECHO,278768106,"EchoStar Corp",233,$93.46,"$21,776.18",0.02%,"$113,242,790.00","2,290,000",229,
09/21/2026,XSPI,ECL,278865100,"Ecolab Inc",371,$269.46,"$99,969.66",0.09%,"$113,242,790.00","2,290,000",229,
09/21/2026,XSPI,ED,209115104,"Consolidated Edison Inc",526,$105.43,"$55,456.18",0.05%,"$113,242,790.00","2,290,000",229,
09/21/2026,XSPI,EFX,294429105,"Equifax Inc",113,$158.87,"$17,952.31",0.02%,"$113,242,790.00","2,290,000",229,
09/21/2026,XSPI,EG,G3223R108,"Everest Group Ltd",45,$374.85,"$16,868.25",0.01%,"$113,242,790.00","2,290,000",229,
09/21/2026,XSPI,EIX,281020107,"Edison International",550,$55.31,"$30,420.50",0.03%,"$113,242,790.00","2,290,000",229,
09/21/2026,XSPI,EL,518439104,"Estee Lauder Cos Inc/The",332,$93.43,"$31,018.76",0.03%,"$113,242,790.00","2,290,000",229,
09/21/2026,XSPI,ELV,036752103,"ELEVANCE HEALTH INC",328,$410.95,"$134,791.60",0.12%,"$113,242,790.00","2,290,000",229,
09/21/2026,XSPI,EME,29084Q100,"EMCOR Group Inc",51,$750.09,"$38,254.59",0.03%,"$113,242,790.00","2,290,000",229,
09/21/2026,XSPI,EMR,291011104,"Emerson Electric Co",959,$149.92,"$143,773.28",0.13%,"$113,242,790.00","2,290,000",229,
09/21/2026,XSPI,EOG,26875P101,"EOG Resources Inc",916,$144.23,"$132,114.68",0.12%,"$113,242,790.00","2,290,000",229,
09/21/2026,XSPI,EQIX,29444U700,"Equinix Inc",112,"$1,021.34","$114,390.08",0.10%,"$113,242,790.00","2,290,000",229,
09/21/2026,XSPI,EQT,26884L109,"EQT Corp",990,$50.00,"$49,500.00",0.04%,"$113,242,790.00","2,290,000",229,
09/21/2026,XSPI,ERIE,29530P102,"Erie Indemnity Co",29,$239.05,"$6,932.45",0.01%,"$113,242,790.00","2,290,000",229,
09/21/2026,XSPI,ES,30040W108,"Eversource Energy",551,$66.93,"$36,879.81",0.03%,"$113,242,790.00","2,290,000",229,
09/21/2026,XSPI,ESS,297178105,"Essex Property Trust Inc",73,$270.05,"$19,713.65",0.02%,"$113,242,790.00","2,290,000",229,
09/21/2026,XSPI,ETN,G29183103,"Eaton Corp PLC",687,$424.77,"$291,816.99",0.26%,"$113,242,790.00","2,290,000",229,
09/21/2026,XSPI,ETR,29364G103,"Entergy Corp",716,$102.01,"$73,039.16",0.06%,"$113,242,790.00","2,290,000",229,
09/21/2026,XSPI,EVRG,30034W106,"Evergy Inc",320,$79.78,"$25,529.60",0.02%,"$113,242,790.00","2,290,000",229,
09/21/2026,XSPI,EW,28176E108,"Edwards Lifesciences Corp",933,$88.26,"$82,346.58",0.07%,"$113,242,790.00","2,290,000",229,
09/21/2026,XSPI,EXC,30161N101,"Exelon Corp","1,647",$42.07,"$69,289.29",0.06%,"$113,242,790.00","2,290,000",229,
09/21/2026,XSPI,EXE,165167735,"Expand Energy Corp",333,$87.49,"$29,134.17",0.03%,"$113,242,790.00","2,290,000",229,
09/21/2026,XSPI,EXPD,302130109,"Expeditors International of Washington Inc",229,$190.94,"$43,725.26",0.04%,"$113,242,790.00","2,290,000",229,
09/21/2026,XSPI,EXPE,30212P303,"Expedia Group Inc",133,$279.35,"$37,153.55",0.03%,"$113,242,790.00","2,290,000",229,
09/21/2026,XSPI,EXR,30225T102,"Extra Space Storage Inc",300,$136.71,"$41,013.00",0.04%,"$113,242,790.00","2,290,000",229,
09/21/2026,XSPI,F,345370860,"Ford Motor Co","6,516",$13.21,"$86,076.36",0.08%,"$113,242,790.00","2,290,000",229,
09/21/2026,XSPI,FANG,25278X109,"Diamondback Energy Inc",278,$192.42,"$53,492.76",0.05%,"$113,242,790.00","2,290,000",229,
09/21/2026,XSPI,FAST,311900104,"Fastenal Co","1,866",$49.01,"$91,452.66",0.08%,"$113,242,790.00","2,290,000",229,
09/21/2026,XSPI,FCX,35671D857,"Freeport-McMoRan Inc","2,519",$71.54,"$180,209.26",0.16%,"$113,242,790.00","2,290,000",229,
09/21/2026,XSPI,FDS,303075105,"FactSet Research Systems Inc",42,$283.83,"$11,920.86",0.01%,"$113,242,790.00","2,290,000",229,
09/21/2026,XSPI,FDX,31428X106,"FedEx Corp",330,$303.65,"$100,204.50",0.09%,"$113,242,790.00","2,290,000",229,
09/21/2026,XSPI,FDXF,314352105,"Fedex Freight Holding Co Inc",78,$120.13,"$9,370.14",0.01%,"$113,242,790.00","2,290,000",229,
09/21/2026,XSPI,FE,337932107,"FirstEnergy Corp",780,$45.26,"$35,302.80",0.03%,"$113,242,790.00","2,290,000",229,
09/21/2026,XSPI,FERG,31488V107,"Ferguson Enterprises Inc",318,$214.43,"$68,188.74",0.06%,"$113,242,790.00","2,290,000",229,
09/21/2026,XSPI,FFIV,315616102,"F5 Inc",64,$432.03,"$27,649.92",0.02%,"$113,242,790.00","2,290,000",229,
09/21/2026,XSPI,FICO,303250104,"Fair Isaac Corp",26,$949.68,"$24,691.68",0.02%,"$113,242,790.00","2,290,000",229,
09/21/2026,XSPI,FIS,31620M106,"Fidelity National Information Services Inc",778,$35.62,"$27,712.36",0.02%,"$113,242,790.00","2,290,000",229,
09/21/2026,XSPI,FISV,337738108,"Fiserv Inc",790,$47.19,"$37,280.10",0.03%,"$113,242,790.00","2,290,000",229,
09/21/2026,XSPI,FITB,316773100,"Fifth Third Bancorp","1,374",$52.91,"$72,698.34",0.06%,"$113,242,790.00","2,290,000",229,
09/21/2026,XSPI,FIX,199908104,"Comfort Systems USA Inc",40,"$1,651.37","$66,054.80",0.06%,"$113,242,790.00","2,290,000",229,
09/21/2026,XSPI,FLEX,Y2573F102,"Flex Ltd",587,$108.51,"$63,695.37",0.06%,"$113,242,790.00","2,290,000",229,
09/21/2026,XSPI,FOX,35137L204,"Fox Corp",240,$57.74,"$13,857.60",0.01%,"$113,242,790.00","2,290,000",229,
09/21/2026,XSPI,FOXA,35137L105,"Fox Corp",284,$64.45,"$18,303.80",0.02%,"$113,242,790.00","2,290,000",229,
09/21/2026,XSPI,FRT,313745101,"Federal Realty Investment Trust",75,$110.91,"$8,318.25",0.01%,"$113,242,790.00","2,290,000",229,
09/21/2026,XSPI,FSLR,336433107,"First Solar Inc",122,$195.96,"$23,907.12",0.02%,"$113,242,790.00","2,290,000",229,
09/21/2026,XSPI,FTNT,34959E109,"Fortinet Inc",990,$169.84,"$168,141.60",0.15%,"$113,242,790.00","2,290,000",229,
09/21/2026,XSPI,FTV,34959J108,"Fortive Corp",502,$55.00,"$27,610.00",0.02%,"$113,242,790.00","2,290,000",229,
09/21/2026,XSPI,GD,369550108,"General Dynamics Corp",369,$353.05,"$130,275.45",0.12%,"$113,242,790.00","2,290,000",229,
09/21/2026,XSPI,GDDY,380237107,"GoDaddy Inc",229,$97.46,"$22,318.34",0.02%,"$113,242,790.00","2,290,000",229,
09/21/2026,XSPI,GE,369604301,"GE AEROSPACE","1,838",$314.27,"$577,628.26",0.51%,"$113,242,790.00","2,290,000",229,
09/21/2026,XSPI,GEHC,36266G107,"GE HealthCare Technologies Inc",716,$64.13,"$45,917.08",0.04%,"$113,242,790.00","2,290,000",229,
09/21/2026,XSPI,GEN,668771108,"GEN DIGITAL INC",804,$29.01,"$23,324.04",0.02%,"$113,242,790.00","2,290,000",229,
09/21/2026,XSPI,GEV,36828A101,"GE Vernova Inc",458,$940.33,"$430,671.14",0.38%,"$113,242,790.00","2,290,000",229,
09/21/2026,XSPI,GILD,375558103,"Gilead Sciences Inc","2,105",$150.11,"$315,981.55",0.28%,"$113,242,790.00","2,290,000",229,
09/21/2026,XSPI,GIS,370334104,"General Mills Inc",936,$36.32,"$33,995.52",0.03%,"$113,242,790.00","2,290,000",229,
09/21/2026,XSPI,GL,37959E102,"Globe Life Inc",58,$173.42,"$10,058.36",0.01%,"$113,242,790.00","2,290,000",229,
09/21/2026,XSPI,GLW,219350105,"Corning Inc","1,423",$150.13,"$213,634.99",0.19%,"$113,242,790.00","2,290,000",229,
09/21/2026,XSPI,GM,37045V100,"General Motors Co","1,446",$82.20,"$118,861.20",0.10%,"$113,242,790.00","2,290,000",229,
09/21/2026,XSPI,GNRC,368736104,"Generac Holdings Inc",67,$207.44,"$13,898.48",0.01%,"$113,242,790.00","2,290,000",229,
09/21/2026,XSPI,GOOG,02079K107,"Alphabet Inc","8,305",$344.41,"$2,860,325.05",2.53%,"$113,242,790.00","2,290,000",229,
09/21/2026,XSPI,GOOGL,02079K305,"Alphabet Inc","10,320",$349.54,"$3,607,252.80",3.19%,"$113,242,790.00","2,290,000",229,
09/21/2026,XSPI,GPC,372460105,"Genuine Parts Co",229,$128.08,"$29,330.32",0.03%,"$113,242,790.00","2,290,000",229,
09/21/2026,XSPI,GPN,37940X102,"Global Payments Inc",333,$85.06,"$28,324.98",0.03%,"$113,242,790.00","2,290,000",229,
09/21/2026,XSPI,GRMN,H2906T109,"Garmin Ltd",229,$274.06,"$62,759.74",0.06%,"$113,242,790.00","2,290,000",229,
09/21/2026,XSPI,GS,38141G104,"Goldman Sachs Group Inc/The",501,$942.00,"$471,942.00",0.42%,"$113,242,790.00","2,290,000",229,
09/21/2026,XSPI,GWW,384802104,"WW Grainger Inc",50,"$1,266.61","$63,330.50",0.06%,"$113,242,790.00","2,290,000",229,
09/21/2026,XSPI,HAL,406216101,"Halliburton Co","1,428",$33.64,"$48,037.92",0.04%,"$113,242,790.00","2,290,000",229,
09/21/2026,XSPI,HAS,418056107,"Hasbro Inc",229,$87.57,"$20,053.53",0.02%,"$113,242,790.00","2,290,000",229,
09/21/2026,XSPI,HBAN,446150104,"Huntington Bancshares Inc/OH","3,435",$15.88,"$54,547.80",0.05%,"$113,242,790.00","2,290,000",229,
09/21/2026,XSPI,HCA,40412C101,"HCA Healthcare Inc",258,$427.71,"$110,349.18",0.10%,"$113,242,790.00","2,290,000",229,
09/21/2026,XSPI,HD,437076102,"Home Depot Inc/The","1,707",$299.98,"$512,065.86",0.45%,"$113,242,790.00","2,290,000",229,
09/21/2026,XSPI,HIG,416515104,"Hartford Insurance Group Inc/The",458,$131.89,"$60,405.62",0.05%,"$113,242,790.00","2,290,000",229,
09/21/2026,XSPI,HII,446413106,"Huntington Ingalls Industries Inc",45,$272.86,"$12,278.70",0.01%,"$113,242,790.00","2,290,000",229,
09/21/2026,XSPI,HLT,43300A203,"Hilton Worldwide Holdings Inc",341,$305.73,"$104,253.93",0.09%,"$113,242,790.00","2,290,000",229,
09/21/2026,XSPI,HON,438516205,"Honeywell International Inc",500,$206.46,"$103,230.00",0.09%,"$113,242,790.00","2,290,000",229,
09/21/2026,XSPI,HONA,43849R105,"Honeywell Aerospace Inc",488,$163.60,"$79,836.80",0.07%,"$113,242,790.00","2,290,000",229,
09/21/2026,XSPI,HOOD,770700102,"Robinhood Markets Inc","1,390",$119.82,"$166,549.80",0.15%,"$113,242,790.00","2,290,000",229,
09/21/2026,XSPI,HPE,42824C109,"Hewlett Packard Enterprise Co","2,120",$60.76,"$128,811.20",0.11%,"$113,242,790.00","2,290,000",229,
09/21/2026,XSPI,HPQ,40434L105,"HP Inc","1,447",$34.40,"$49,776.80",0.04%,"$113,242,790.00","2,290,000",229,
09/21/2026,XSPI,HRL,440452100,"Hormel Foods Corp",471,$20.83,"$9,810.93",0.01%,"$113,242,790.00","2,290,000",229,
09/21/2026,XSPI,HSIC,806407102,"Henry Schein Inc",89,$84.84,"$7,550.76",0.01%,"$113,242,790.00","2,290,000",229,
09/21/2026,XSPI,HST,44107P104,"Host Hotels & Resorts Inc","1,153",$21.84,"$25,181.52",0.02%,"$113,242,790.00","2,290,000",229,
09/21/2026,XSPI,HSY,427866108,"Hershey Co/The",229,$169.79,"$38,881.91",0.03%,"$113,242,790.00","2,290,000",229,
09/21/2026,XSPI,HUBB,443510607,"Hubbell Inc",61,$446.92,"$27,262.12",0.02%,"$113,242,790.00","2,290,000",229,
09/21/2026,XSPI,HUM,444859102,"Humana Inc",138,$386.22,"$53,298.36",0.05%,"$113,242,790.00","2,290,000",229,
09/21/2026,XSPI,HWM,443201108,"Howmet Aerospace Inc",688,$229.67,"$158,012.96",0.14%,"$113,242,790.00","2,290,000",229,
09/21/2026,XSPI,IBKR,45841N107,"Interactive Brokers Group Inc",716,$90.69,"$64,934.04",0.06%,"$113,242,790.00","2,290,000",229,
09/21/2026,XSPI,IBM,459200101,"International Business Machines Corp","1,609",$229.55,"$369,345.95",0.33%,"$113,242,790.00","2,290,000",229,
09/21/2026,XSPI,ICE,45866F104,"Intercontinental Exchange Inc",937,$155.47,"$145,675.39",0.13%,"$113,242,790.00","2,290,000",229,
09/21/2026,XSPI,IDXX,45168D104,"IDEXX Laboratories Inc",91,$511.65,"$46,560.15",0.04%,"$113,242,790.00","2,290,000",229,
09/21/2026,XSPI,IEX,45167R104,"IDEX Corp",54,$223.72,"$12,080.88",0.01%,"$113,242,790.00","2,290,000",229,
09/21/2026,XSPI,IFF,459506101,"International Flavors & Fragrances Inc",331,$82.96,"$27,459.76",0.02%,"$113,242,790.00","2,290,000",229,
09/21/2026,XSPI,INCY,45337C102,"Incyte Corp",259,$125.31,"$32,455.29",0.03%,"$113,242,790.00","2,290,000",229,
09/21/2026,XSPI,INTC,458140100,"Intel Corp","8,156",$108.60,"$885,741.60",0.78%,"$113,242,790.00","2,290,000",229,
09/21/2026,XSPI,INTU,461202103,"Intuit Inc",458,$303.19,"$138,861.02",0.12%,"$113,242,790.00","2,290,000",229,
09/21/2026,XSPI,INVH,46187W107,"Invitation Homes Inc",918,$26.91,"$24,703.38",0.02%,"$113,242,790.00","2,290,000",229,
09/21/2026,XSPI,IP,460146103,"International Paper Co",936,$34.53,"$32,320.08",0.03%,"$113,242,790.00","2,290,000",229,
09/21/2026,XSPI,IQV,46266C105,"IQVIA Holdings Inc",253,$266.42,"$67,404.26",0.06%,"$113,242,790.00","2,290,000",229,
09/21/2026,XSPI,IR,45687V106,"Ingersoll Rand Inc",552,$71.83,"$39,650.16",0.04%,"$113,242,790.00","2,290,000",229,
09/21/2026,XSPI,IRM,46284V101,"Iron Mountain Inc",489,$114.34,"$55,912.26",0.05%,"$113,242,790.00","2,290,000",229,
09/21/2026,XSPI,ISRG,46120E602,"Intuitive Surgical Inc",569,$393.33,"$223,804.77",0.20%,"$113,242,790.00","2,290,000",229,
09/21/2026,XSPI,IT,366651107,"Gartner Inc",52,$185.78,"$9,660.56",0.01%,"$113,242,790.00","2,290,000",229,
09/21/2026,XSPI,ITW,452308109,"Illinois Tool Works Inc",458,$269.42,"$123,394.36",0.11%,"$113,242,790.00","2,290,000",229,
09/21/2026,XSPI,IVZ,G491BT108,"Invesco Ltd",738,$30.53,"$22,531.14",0.02%,"$113,242,790.00","2,290,000",229,
09/21/2026,XSPI,J,46982L108,"Jacobs Solutions Inc",113,$143.40,"$16,204.20",0.01%,"$113,242,790.00","2,290,000",229,
09/21/2026,XSPI,JBHT,445658107,"JB Hunt Transport Services Inc",84,$234.25,"$19,677.00",0.02%,"$113,242,790.00","2,290,000",229,
09/21/2026,XSPI,JBL,466313103,"Jabil Inc",121,$299.57,"$36,247.97",0.03%,"$113,242,790.00","2,290,000",229,
09/21/2026,XSPI,JCI,G51502105,"Johnson Controls International plc",977,$142.88,"$139,593.76",0.12%,"$113,242,790.00","2,290,000",229,
09/21/2026,XSPI,JKHY,426281101,"Jack Henry & Associates Inc",53,$154.85,"$8,207.05",0.01%,"$113,242,790.00","2,290,000",229,
09/21/2026,XSPI,JNJ,478160104,"Johnson & Johnson","4,208",$269.99,"$1,136,117.92",1.00%,"$113,242,790.00","2,290,000",229,
09/21/2026,XSPI,JPM,46625H100,"JPMORGAN CHASE & CO.","4,706",$349.67,"$1,645,547.02",1.45%,"$113,242,790.00","2,290,000",229,
09/21/2026,XSPI,KDP,49271V100,"Keurig Dr Pepper Inc","2,151",$30.96,"$66,594.96",0.06%,"$113,242,790.00","2,290,000",229,
09/21/2026,XSPI,KEY,493267108,KeyCorp,"1,463",$20.81,"$30,445.03",0.03%,"$113,242,790.00","2,290,000",229,
09/21/2026,XSPI,KEYS,49338L103,"Keysight Technologies Inc",279,$335.00,"$93,465.00",0.08%,"$113,242,790.00","2,290,000",229,
09/21/2026,XSPI,KHC,500754106,"Kraft Heinz Co/The","1,387",$24.43,"$33,884.41",0.03%,"$113,242,790.00","2,290,000",229,
09/21/2026,XSPI,KIM,49446R109,"Kimco Realty Corp","1,020",$22.53,"$22,980.60",0.02%,"$113,242,790.00","2,290,000",229,
09/21/2026,XSPI,KKR,48251W104,"KKR & Co Inc","1,148",$98.81,"$113,433.88",0.10%,"$113,242,790.00","2,290,000",229,
09/21/2026,XSPI,KLAC,482480100,"KLA CORP","2,290",$176.99,"$405,307.10",0.36%,"$113,242,790.00","2,290,000",229,
09/21/2026,XSPI,KMB,494368103,"Kimberly-Clark Corp",500,$97.86,"$48,930.00",0.04%,"$113,242,790.00","2,290,000",229,
09/21/2026,XSPI,KMI,49456B101,"Kinder Morgan Inc","3,093",$31.84,"$98,481.12",0.09%,"$113,242,790.00","2,290,000",229,
09/21/2026,XSPI,KO,191216100,"Coca-Cola Co/The","6,890",$88.25,"$608,042.50",0.54%,"$113,242,790.00","2,290,000",229,
09/21/2026,XSPI,KR,501044101,"Kroger Co/The",959,$60.00,"$57,540.00",0.05%,"$113,242,790.00","2,290,000",229,
09/21/2026,XSPI,KVUE,49177J102,"Kenvue Inc","3,082",$17.60,"$54,243.20",0.05%,"$113,242,790.00","2,290,000",229,
09/21/2026,XSPI,L,540424108,"Loews Corp",260,$107.77,"$28,020.20",0.02%,"$113,242,790.00","2,290,000",229,
09/21/2026,XSPI,LDOS,525327102,"Leidos Holdings Inc",112,$127.69,"$14,301.28",0.01%,"$113,242,790.00","2,290,000",229,
09/21/2026,XSPI,LEN,526057104,"Lennar Corp",300,$76.43,"$22,929.00",0.02%,"$113,242,790.00","2,290,000",229,
09/21/2026,XSPI,LH,504922105,"Labcorp Holdings Inc",93,$320.71,"$29,826.03",0.03%,"$113,242,790.00","2,290,000",229,
09/21/2026,XSPI,LHX,502431109,"L3Harris Technologies Inc",293,$247.29,"$72,455.97",0.06%,"$113,242,790.00","2,290,000",229,
09/21/2026,XSPI,LII,526107107,"Lennox International Inc",37,$359.23,"$13,291.51",0.01%,"$113,242,790.00","2,290,000",229,
09/21/2026,XSPI,LIN,G54950103,"Linde PLC",770,$460.40,"$354,508.00",0.31%,"$113,242,790.00","2,290,000",229,
09/21/2026,XSPI,LITE,55024U109,"Lumentum Holdings Inc",88,$930.91,"$81,920.08",0.07%,"$113,242,790.00","2,290,000",229,
09/21/2026,XSPI,LLY,532457108,"Eli Lilly & Co","1,380","$1,152.93","$1,591,043.40",1.40%,"$113,242,790.00","2,290,000",229,
09/21/2026,XSPI,LMT,539830109,"Lockheed Martin Corp",312,$533.38,"$166,414.56",0.15%,"$113,242,790.00","2,290,000",229,
09/21/2026,XSPI,LNT,018802108,"Alliant Energy Corp",331,$65.61,"$21,715.26",0.02%,"$113,242,790.00","2,290,000",229,
09/21/2026,XSPI,LOW,548661107,"Lowe's Cos Inc",932,$192.49,"$179,400.68",0.16%,"$113,242,790.00","2,290,000",229,
09/21/2026,XSPI,LRCX,512807306,"Lam Research Corp","2,157",$288.11,"$621,453.27",0.55%,"$113,242,790.00","2,290,000",229,
09/21/2026,XSPI,LULU,550021109,"Lululemon Athletica Inc",75,$98.06,"$7,354.50",0.01%,"$113,242,790.00","2,290,000",229,
09/21/2026,XSPI,LUV,844741108,"Southwest Airlines Co",771,$40.98,"$31,595.58",0.03%,"$113,242,790.00","2,290,000",229,
09/21/2026,XSPI,LVS,517834107,"Las Vegas Sands Corp",503,$39.98,"$20,109.94",0.02%,"$113,242,790.00","2,290,000",229,
09/21/2026,XSPI,LYB,N53745100,"LyondellBasell Industries NV",334,$61.93,"$20,684.62",0.02%,"$113,242,790.00","2,290,000",229,
09/21/2026,XSPI,LYV,538034109,"Live Nation Entertainment Inc",229,$167.12,"$38,270.48",0.03%,"$113,242,790.00","2,290,000",229,
09/21/2026,XSPI,MA,57636Q104,"Mastercard Inc","1,410",$565.24,"$796,988.40",0.70%,"$113,242,790.00","2,290,000",229,
09/21/2026,XSPI,MAA,59522J103,"Mid-America Apartment Communities Inc",113,$118.93,"$13,439.09",0.01%,"$113,242,790.00","2,290,000",229,
09/21/2026,XSPI,MAR,571903202,"Marriott International Inc/MD",331,$338.92,"$112,182.52",0.10%,"$113,242,790.00","2,290,000",229,
09/21/2026,XSPI,MAS,574599106,"Masco Corp",284,$68.06,"$19,329.04",0.02%,"$113,242,790.00","2,290,000",229,
09/21/2026,XSPI,MCD,580135101,"McDonald's Corp","1,217",$248.24,"$302,108.08",0.27%,"$113,242,790.00","2,290,000",229,
09/21/2026,XSPI,MCHP,595017104,"Microchip Technology Inc",792,$73.27,"$58,029.84",0.05%,"$113,242,790.00","2,290,000",229,
09/21/2026,XSPI,MCK,58155Q103,"McKesson Corp",136,$874.65,"$118,952.40",0.11%,"$113,242,790.00","2,290,000",229,
09/21/2026,XSPI,MCO,615369105,"Moody's Corp",229,$468.59,"$107,307.11",0.09%,"$113,242,790.00","2,290,000",229,
09/21/2026,XSPI,MDLZ,609207105,"Mondelez International Inc","2,088",$60.85,"$127,054.80",0.11%,"$113,242,790.00","2,290,000",229,
09/21/2026,XSPI,MDT,G5960L103,"Medtronic PLC","2,090",$92.13,"$192,551.70",0.17%,"$113,242,790.00","2,290,000",229,
09/21/2026,XSPI,MET,59156R108,"MetLife Inc",801,$97.04,"$77,729.04",0.07%,"$113,242,790.00","2,290,000",229,
09/21/2026,XSPI,META,30303M102,"Meta Platforms Inc","3,777",$665.23,"$2,512,554.83",2.22%,"$113,242,790.00","2,290,000",229,
09/21/2026,XSPI,MGM,552953101,"MGM Resorts International",285,$37.81,"$10,775.85",0.01%,"$113,242,790.00","2,290,000",229,
09/21/2026,XSPI,MKC,579780206,"McCormick & Co Inc/MD",331,$48.72,"$16,126.32",0.01%,"$113,242,790.00","2,290,000",229,
09/21/2026,XSPI,MLM,573284106,"Martin Marietta Materials Inc",69,$490.64,"$33,854.16",0.03%,"$113,242,790.00","2,290,000",229,
09/21/2026,XSPI,MMM,88579Y101,"3M Co",917,$165.89,"$152,121.13",0.13%,"$113,242,790.00","2,290,000",229,
09/21/2026,XSPI,MNST,61174X109,"Monster Beverage Corp","2,404",$44.71,"$107,482.84",0.09%,"$113,242,790.00","2,290,000",229,
09/21/2026,XSPI,MO,02209S103,"Altria Group Inc","2,771",$69.52,"$192,639.92",0.17%,"$113,242,790.00","2,290,000",229,
09/21/2026,XSPI,MOS,61945C103,"Mosaic Co/The",555,$24.48,"$13,586.40",0.01%,"$113,242,790.00","2,290,000",229,
09/21/2026,XSPI,MPC,56585A102,"Marathon Petroleum Corp",481,$424.89,"$204,372.09",0.18%,"$113,242,790.00","2,290,000",229,
09/21/2026,XSPI,MPWR,609839105,"Monolithic Power Systems Inc",57,"$1,217.80","$69,414.60",0.06%,"$113,242,790.00","2,290,000",229,
09/21/2026,XSPI,MRK,58933Y105,"Merck & Co Inc","4,186",$146.87,"$614,797.82",0.54%,"$113,242,790.00","2,290,000",229,
09/21/2026,XSPI,MRNA,60770K107,"Moderna Inc",531,$154.04,"$81,795.24",0.07%,"$113,242,790.00","2,290,000",229,
09/21/2026,XSPI,MRSH,571748102,"Marsh & McLennan Cos Inc",751,$175.01,"$131,432.51",0.12%,"$113,242,790.00","2,290,000",229,
09/21/2026,XSPI,MRVL,573874104,"MARVELL TECHNOLOGY INC","1,490",$244.25,"$363,932.50",0.32%,"$113,242,790.00","2,290,000",229,
09/21/2026,XSPI,MS,617446448,"Morgan Stanley","2,105",$202.58,"$426,430.90",0.38%,"$113,242,790.00","2,290,000",229,
09/21/2026,XSPI,MSCI,55354G100,"MSCI Inc",82,$552.87,"$45,335.34",0.04%,"$113,242,790.00","2,290,000",229,
09/21/2026,XSPI,MSFT,594918104,"Microsoft Corp","13,085",$493.78,"$6,461,111.30",5.71%,"$113,242,790.00","2,290,000",229,
09/21/2026,XSPI,MSI,620076307,"Motorola Solutions Inc",271,$458.67,"$124,299.57",0.11%,"$113,242,790.00","2,290,000",229,
09/21/2026,XSPI,MTB,55261F104,"M&T Bank Corp",229,$227.31,"$52,053.99",0.05%,"$113,242,790.00","2,290,000",229,
09/21/2026,XSPI,MTD,592688105,"Mettler-Toledo International Inc",23,"$1,392.32","$32,023.36",0.03%,"$113,242,790.00","2,290,000",229,
09/21/2026,XSPI,MU,595112103,"Micron Technology Inc","1,916","$1,015.80","$1,946,272.80",1.72%,"$113,242,790.00","2,290,000",229,
09/21/2026,XSPI,NCLH,G66721104,"Norwegian Cruise Line Holdings Ltd",774,$14.12,"$10,928.88",0.01%,"$113,242,790.00","2,290,000",229,
09/21/2026,XSPI,NDAQ,631103108,"Nasdaq Inc",751,$93.54,"$70,248.54",0.06%,"$113,242,790.00","2,290,000",229,
09/21/2026,XSPI,NDSN,655663102,"Nordson Corp",61,$311.57,"$19,005.77",0.02%,"$113,242,790.00","2,290,000",229,
09/21/2026,XSPI,NEE,65339F101,"NextEra Energy Inc","3,671",$80.47,"$295,405.37",0.26%,"$113,242,790.00","2,290,000",229,
09/21/2026,XSPI,NEM,651639106,"Newmont Corp","1,879",$123.41,"$231,887.39",0.20%,"$113,242,790.00","2,290,000",229,
09/21/2026,XSPI,NFLX,64110L106,"Netflix Inc","7,339",$71.79,"$526,866.81",0.47%,"$113,242,790.00","2,290,000",229,
09/21/2026,XSPI,NI,65473P105,"NiSource Inc",772,$40.58,"$31,327.76",0.03%,"$113,242,790.00","2,290,000",229,
09/21/2026,XSPI,NKE,654106103,"NIKE Inc","1,907",$35.51,"$67,717.57",0.06%,"$113,242,790.00","2,290,000",229,
09/21/2026,XSPI,NOC,666807102,"Northrop Grumman Corp",229,$527.39,"$120,772.31",0.11%,"$113,242,790.00","2,290,000",229,
09/21/2026,XSPI,NOW,81762P102,"ServiceNow Inc","1,680",$135.47,"$227,589.60",0.20%,"$113,242,790.00","2,290,000",229,
09/21/2026,XSPI,NRG,629377508,"NRG Energy Inc",300,$103.66,"$31,098.00",0.03%,"$113,242,790.00","2,290,000",229,
09/21/2026,XSPI,NSC,655844108,"Norfolk Southern Corp",337,$314.16,"$105,871.92",0.09%,"$113,242,790.00","2,290,000",229,
09/21/2026,XSPI,NTAP,64110D104,"NetApp Inc",287,$197.79,"$56,765.73",0.05%,"$113,242,790.00","2,290,000",229,
09/21/2026,XSPI,NTRS,665859104,"Northern Trust Corp",273,$177.89,"$48,563.97",0.04%,"$113,242,790.00","2,290,000",229,
09/21/2026,XSPI,NUE,670346105,"Nucor Corp",300,$248.38,"$74,514.00",0.07%,"$113,242,790.00","2,290,000",229,
09/21/2026,XSPI,NVDA,67066G104,"NVIDIA Corp","42,632",$222.27,"$9,475,814.64",8.37%,"$113,242,790.00","2,290,000",229,
09/21/2026,XSPI,NVR,62944T105,"NVR Inc",3,"$6,150.47","$18,451.41",0.02%,"$113,242,790.00","2,290,000",229,
09/21/2026,XSPI,NWS,65249B208,"News Corp",108,$32.68,"$3,529.44",0.00%,"$113,242,790.00","2,290,000",229,
09/21/2026,XSPI,NWSA,65249B109,"News Corp",559,$29.78,"$16,647.02",0.01%,"$113,242,790.00","2,290,000",229,
09/21/2026,XSPI,NXPI,N6596X109,"NXP Semiconductors NV",331,$227.99,"$75,464.69",0.07%,"$113,242,790.00","2,290,000",229,
09/21/2026,XSPI,O,756109104,"Realty Income Corp","1,448",$56.66,"$82,043.68",0.07%,"$113,242,790.00","2,290,000",229,
09/21/2026,XSPI,ODFL,679580100,"Old Dominion Freight Line Inc",259,$173.00,"$44,807.00",0.04%,"$113,242,790.00","2,290,000",229,
09/21/2026,XSPI,OKE,30609A109,"ONEOK Inc",989,$93.46,"$92,431.94",0.08%,"$113,242,790.00","2,290,000",229,
09/21/2026,XSPI,OMC,681919106,"Omnicom Group Inc",502,$76.57,"$38,438.14",0.03%,"$113,242,790.00","2,290,000",229,
09/21/2026,XSPI,ON,682189105,"ON Semiconductor Corp",562,$69.98,"$39,328.76",0.03%,"$113,242,790.00","2,290,000",229,
09/21/2026,XSPI,ORCL,68389X105,"Oracle Corp","2,889",$147.61,"$426,445.29",0.38%,"$113,242,790.00","2,290,000",229,
09/21/2026,XSPI,ORLY,67103H107,"O'Reilly Automotive Inc","1,428",$84.71,"$120,965.88",0.11%,"$113,242,790.00","2,290,000",229,
09/21/2026,XSPI,OTIS,68902V107,"Otis Worldwide Corp",558,$68.52,"$38,234.16",0.03%,"$113,242,790.00","2,290,000",229,
09/21/2026,XSPI,OXY,674599105,"Occidental Petroleum Corp","1,202",$58.84,"$70,725.68",0.06%,"$113,242,790.00","2,290,000",229,
09/21/2026,XSPI,PANW,697435105,"Palo Alto Networks Inc","1,374",$363.58,"$499,558.92",0.44%,"$113,242,790.00","2,290,000",229,
09/21/2026,XSPI,PAYX,704326107,"Paychex Inc",501,$116.14,"$58,186.14",0.05%,"$113,242,790.00","2,290,000",229,
09/21/2026,XSPI,PCAR,693718108,"PACCAR Inc",782,$116.06,"$90,758.92",0.08%,"$113,242,790.00","2,290,000",229,
09/21/2026,XSPI,PCG,69331C108,"PG&E Corp","3,664",$13.20,"$48,364.80",0.04%,"$113,242,790.00","2,290,000",229,
09/21/2026,XSPI,PEG,744573106,"Public Service Enterprise Group Inc",771,$69.77,"$53,792.67",0.05%,"$113,242,790.00","2,290,000",229,
09/21/2026,XSPI,PEP,713448108,"PepsiCo Inc","2,330",$129.75,"$302,317.50",0.27%,"$113,242,790.00","2,290,000",229,
09/21/2026,XSPI,PFE,717081103,"Pfizer Inc","9,978",$27.66,"$275,991.48",0.24%,"$113,242,790.00","2,290,000",229,
09/21/2026,XSPI,PFG,74251V102,"Principal Financial Group Inc",285,$117.67,"$33,535.95",0.03%,"$113,242,790.00","2,290,000",229,
09/21/2026,XSPI,PG,742718109,"Procter & Gamble Co/The","4,018",$146.39,"$588,195.02",0.52%,"$113,242,790.00","2,290,000",229,
09/21/2026,XSPI,PGR,743315103,"Progressive Corp/The",998,$213.48,"$213,053.04",0.19%,"$113,242,790.00","2,290,000",229,
09/21/2026,XSPI,PH,701094104,"Parker-Hannifin Corp",145,$943.54,"$136,813.30",0.12%,"$113,242,790.00","2,290,000",229,
09/21/2026,XSPI,PHM,745867101,"PulteGroup Inc",277,$117.26,"$32,481.02",0.03%,"$113,242,790.00","2,290,000",229,
09/21/2026,XSPI,PKG,695156109,"Packaging Corp of America",65,$232.77,"$15,130.05",0.01%,"$113,242,790.00","2,290,000",229,
09/21/2026,XSPI,PLD,74340W103,"Prologis Inc","1,641",$134.84,"$221,272.44",0.20%,"$113,242,790.00","2,290,000",229,
09/21/2026,XSPI,PLTR,69608A108,"Palantir Technologies Inc","3,936",$177.64,"$699,191.04",0.62%,"$113,242,790.00","2,290,000",229,
09/21/2026,XSPI,PM,718172109,"Philip Morris International Inc","2,748",$188.62,"$518,327.76",0.46%,"$113,242,790.00","2,290,000",229,
09/21/2026,XSPI,PNC,693475105,"PNC Financial Services Group Inc/The",687,$233.17,"$160,187.79",0.14%,"$113,242,790.00","2,290,000",229,
09/21/2026,XSPI,PNR,G7S00T104,"Pentair PLC",256,$55.92,"$14,315.52",0.01%,"$113,242,790.00","2,290,000",229,
09/21/2026,XSPI,PNW,723484101,"Pinnacle West Capital Corp",229,$94.21,"$21,574.09",0.02%,"$113,242,790.00","2,290,000",229,
09/21/2026,XSPI,PODD,45784P101,"Insulet Corp",34,$140.60,"$4,780.40",0.00%,"$113,242,790.00","2,290,000",229,
09/21/2026,XSPI,PPG,693506107,"PPG Industries Inc",300,$104.52,"$31,356.00",0.03%,"$113,242,790.00","2,290,000",229,
09/21/2026,XSPI,PPL,69351T106,"PPL Corp","1,226",$33.34,"$40,874.84",0.04%,"$113,242,790.00","2,290,000",229,
09/21/2026,XSPI,PRU,744320102,"Prudential Financial Inc",526,$118.40,"$62,278.40",0.05%,"$113,242,790.00","2,290,000",229,
09/21/2026,XSPI,PSA,74460D109,"Public Storage",229,$296.31,"$67,854.99",0.06%,"$113,242,790.00","2,290,000",229,
09/21/2026,XSPI,PSKY,69932A204,"Paramount Skydance Corp",487,$10.21,"$4,972.27",0.00%,"$113,242,790.00","2,290,000",229,
09/21/2026,XSPI,PSX,718546104,"Phillips 66",687,$273.13,"$187,640.31",0.17%,"$113,242,790.00","2,290,000",229,
09/21/2026,XSPI,PTC,69370C100,"PTC Inc",113,$135.89,"$15,355.57",0.01%,"$113,242,790.00","2,290,000",229,
09/21/2026,XSPI,PWR,74762E102,"Quanta Services Inc",253,$636.71,"$161,087.63",0.14%,"$113,242,790.00","2,290,000",229,
09/21/2026,XSPI,PYPL,70450Y103,"PayPal Holdings Inc","1,456",$52.41,"$76,308.96",0.07%,"$113,242,790.00","2,290,000",229,
09/21/2026,XSPI,Q,74743L100,"Qnity Electronics Inc",300,$120.05,"$36,015.00",0.03%,"$113,242,790.00","2,290,000",229,
09/21/2026,XSPI,QCOM,747525103,"QUALCOMM Inc","1,857",$177.72,"$330,026.04",0.29%,"$113,242,790.00","2,290,000",229,
09/21/2026,XSPI,RCL,V7780T103,"Royal Caribbean Cruises Ltd",368,$245.81,"$90,458.08",0.08%,"$113,242,790.00","2,290,000",229,
09/21/2026,XSPI,RDDT,75734B100,"Reddit Inc",195,$150.85,"$29,415.75",0.03%,"$113,242,790.00","2,290,000",229,
09/21/2026,XSPI,REG,758849103,"Regency Centers Corp",257,$72.95,"$18,748.15",0.02%,"$113,242,790.00","2,290,000",229,
09/21/2026,XSPI,REGN,75886F107,"Regeneron Pharmaceuticals Inc",115,$784.85,"$90,257.75",0.08%,"$113,242,790.00","2,290,000",229,
09/21/2026,XSPI,RF,7591EP100,"Regions Financial Corp","1,397",$28.50,"$39,814.50",0.04%,"$113,242,790.00","2,290,000",229,
09/21/2026,XSPI,RJF,754730109,"Raymond James Financial Inc",265,$164.75,"$43,658.75",0.04%,"$113,242,790.00","2,290,000",229,
09/21/2026,XSPI,RL,751212101,"Ralph Lauren Corp",44,$335.10,"$14,744.40",0.01%,"$113,242,790.00","2,290,000",229,
09/21/2026,XSPI,RMD,761152107,"ResMed Inc",229,$224.99,"$51,522.71",0.05%,"$113,242,790.00","2,290,000",229,
09/21/2026,XSPI,ROK,773903109,"Rockwell Automation Inc",126,$415.62,"$52,368.12",0.05%,"$113,242,790.00","2,290,000",229,
09/21/2026,XSPI,ROL,775711104,"Rollins Inc",503,$32.43,"$16,312.29",0.01%,"$113,242,790.00","2,290,000",229,
09/21/2026,XSPI,ROP,776696106,"Roper Technologies Inc",114,$372.74,"$42,492.36",0.04%,"$113,242,790.00","2,290,000",229,
09/21/2026,XSPI,ROST,778296103,"Ross Stores Inc",510,$226.61,"$115,571.10",0.10%,"$113,242,790.00","2,290,000",229,
09/21/2026,XSPI,RSG,760759100,"Republic Services Inc",283,$218.07,"$61,713.81",0.05%,"$113,242,790.00","2,290,000",229,
09/21/2026,XSPI,RTX,75513E101,"RTX Corp","2,346",$194.00,"$455,124.00",0.40%,"$113,242,790.00","2,290,000",229,
09/21/2026,XSPI,RVTY,714046109,"Revvity Inc",113,$143.45,"$16,209.85",0.01%,"$113,242,790.00","2,290,000",229,
09/21/2026,XSPI,SBAC,78410G104,"SBA Communications Corp",75,$178.59,"$13,394.25",0.01%,"$113,242,790.00","2,290,000",229,
09/21/2026,XSPI,SBUX,855244109,"Starbucks Corp","1,868",$95.83,"$179,010.44",0.16%,"$113,242,790.00","2,290,000",229,
09/21/2026,XSPI,SCHW,808513105,"Charles Schwab Corp/The","2,858",$105.25,"$300,804.50",0.27%,"$113,242,790.00","2,290,000",229,
09/21/2026,XSPI,SHW,824348106,"Sherwin-Williams Co/The",344,$320.73,"$110,331.12",0.10%,"$113,242,790.00","2,290,000",229,
09/21/2026,XSPI,SJM,832696405,"J M Smucker Co/The",95,$122.95,"$11,680.25",0.01%,"$113,242,790.00","2,290,000",229,
09/21/2026,XSPI,SLB,806857108,"SLB Ltd","2,378",$51.12,"$121,563.36",0.11%,"$113,242,790.00","2,290,000",229,
09/21/2026,XSPI,SMCI,86800U302,"Super Micro Computer Inc",753,$39.09,"$29,434.77",0.03%,"$113,242,790.00","2,290,000",229,
09/21/2026,XSPI,SNA,833034101,"Snap-on Inc",59,$372.15,"$21,956.85",0.02%,"$113,242,790.00","2,290,000",229,
09/21/2026,XSPI,SNDK,80004C200,"Sandisk Corp",245,"$1,791.82","$438,995.90",0.39%,"$113,242,790.00","2,290,000",229,
09/21/2026,XSPI,SNPS,871607107,"Synopsys Inc",299,$384.97,"$115,106.03",0.10%,"$113,242,790.00","2,290,000",229,
09/21/2026,XSPI,SO,842587107,"Southern Co/The","1,879",$85.52,"$160,692.08",0.14%,"$113,242,790.00","2,290,000",229,
09/21/2026,XSPI,SOLV,83444M101,"Solventum Corp",245,$88.84,"$21,765.80",0.02%,"$113,242,790.00","2,290,000",229,
09/21/2026,XSPI,SPG,828806109,"Simon Property Group Inc",510,$205.32,"$104,713.20",0.09%,"$113,242,790.00","2,290,000",229,
09/21/2026,XSPI,SPGI,78409V104,"S&P Global Inc",511,$405.32,"$207,118.52",0.18%,"$113,242,790.00","2,290,000",229,
09/21/2026,XSPI,"SPX   261016C07500000","SPX   261016C07500000","SPX US 10/16/26 C7500",72,$215.75,"$1,553,400.00",1.37%,"$113,242,790.00","2,290,000",229,
09/21/2026,XSPI,"SPX   261016C07790000","SPX   261016C07790000","SPX US 10/16/26 C7790",-70,$39.80,"$-278,600.00",-0.25%,"$113,242,790.00","2,290,000",229,
09/21/2026,XSPI,"SPX   261016C07870000","SPX   261016C07870000","SPX US 10/16/26 C7870",-70,$19.10,"$-133,700.00",-0.12%,"$113,242,790.00","2,290,000",229,
09/21/2026,XSPI,"SPX   261016P07500000","SPX   261016P07500000","SPX US 10/16/26 P7500",-72,$49.70,"$-357,840.00",-0.32%,"$113,242,790.00","2,290,000",229,
09/21/2026,XSPI,SRE,816851109,Sempra,"1,003",$81.31,"$81,553.93",0.07%,"$113,242,790.00","2,290,000",229,
09/21/2026,XSPI,STE,G8473T100,"STERIS PLC",75,$205.04,"$15,378.00",0.01%,"$113,242,790.00","2,290,000",229,
09/21/2026,XSPI,STLD,858119100,"Steel Dynamics Inc",229,$235.26,"$53,874.54",0.05%,"$113,242,790.00","2,290,000",229,
09/21/2026,XSPI,STT,857477103,"State Street Corp",458,$182.87,"$83,754.46",0.07%,"$113,242,790.00","2,290,000",229,
09/21/2026,XSPI,STX,G7997R103,"Seagate Technology Holdings PLC",342,$858.79,"$293,706.18",0.26%,"$113,242,790.00","2,290,000",229,
09/21/2026,XSPI,STZ,21036P108,"Constellation Brands Inc",229,$118.97,"$27,244.13",0.02%,"$113,242,790.00","2,290,000",229,
09/21/2026,XSPI,SW,G8267P108,"Smurfit Westrock PLC",780,$44.33,"$34,577.40",0.03%,"$113,242,790.00","2,290,000",229,
09/21/2026,XSPI,SWK,854502101,"Stanley Black & Decker Inc",250,$89.58,"$22,395.00",0.02%,"$113,242,790.00","2,290,000",229,
09/21/2026,XSPI,SWKS,83088M102,"Skyworks Solutions Inc",247,$88.76,"$21,923.72",0.02%,"$113,242,790.00","2,290,000",229,
09/21/2026,XSPI,SYF,87165B103,"Synchrony Financial",526,$75.04,"$39,471.04",0.03%,"$113,242,790.00","2,290,000",229,
09/21/2026,XSPI,SYK,863667101,"Stryker Corp",560,$275.12,"$154,067.20",0.14%,"$113,242,790.00","2,290,000",229,
09/21/2026,XSPI,SYY,871829107,"Sysco Corp",751,$79.05,"$59,366.55",0.05%,"$113,242,790.00","2,290,000",229,
09/21/2026,XSPI,T,00206R102,"AT&T Inc","12,404",$25.40,"$315,061.60",0.28%,"$113,242,790.00","2,290,000",229,
09/21/2026,XSPI,TAP,60871R209,"Molson Coors Beverage Co",287,$37.53,"$10,771.11",0.01%,"$113,242,790.00","2,290,000",229,
09/21/2026,XSPI,TDG,893641100,"TransDigm Group Inc",64,"$1,086.05","$69,507.20",0.06%,"$113,242,790.00","2,290,000",229,
09/21/2026,XSPI,TDY,879360105,"Teledyne Technologies Inc",53,$603.46,"$31,983.38",0.03%,"$113,242,790.00","2,290,000",229,
09/21/2026,XSPI,TECH,09073M104,"Bio-Techne Corp",251,$72.37,"$18,164.87",0.02%,"$113,242,790.00","2,290,000",229,
09/21/2026,XSPI,TEL,G87052109,"TE Connectivity PLC",475,$205.42,"$97,574.50",0.09%,"$113,242,790.00","2,290,000",229,
09/21/2026,XSPI,TER,880770102,"Teradyne Inc",260,$371.47,"$96,582.20",0.09%,"$113,242,790.00","2,290,000",229,
09/21/2026,XSPI,TFC,89832Q109,"TRUIST FINANCIAL CORP","2,064",$48.56,"$100,227.84",0.09%,"$113,242,790.00","2,290,000",229,
09/21/2026,XSPI,TGT,87612E106,"Target Corp",716,$158.19,"$113,264.04",0.10%,"$113,242,790.00","2,290,000",229,
09/21/2026,XSPI,TJX,872540109,"TJX Cos Inc/The","1,877",$127.24,"$238,829.48",0.21%,"$113,242,790.00","2,290,000",229,
09/21/2026,XSPI,TKO,87256C101,"TKO Group Holdings Inc",33,$189.26,"$6,245.58",0.01%,"$113,242,790.00","2,290,000",229,
09/21/2026,XSPI,TMO,883556102,"Thermo Fisher Scientific Inc",584,$651.45,"$380,446.80",0.34%,"$113,242,790.00","2,290,000",229,
09/21/2026,XSPI,TMUS,872590104,"T-Mobile US Inc",751,$168.18,"$126,303.18",0.11%,"$113,242,790.00","2,290,000",229,
09/21/2026,XSPI,TPL,88262P102,"Texas Pacific Land Corp",66,$352.67,"$23,276.22",0.02%,"$113,242,790.00","2,290,000",229,
09/21/2026,XSPI,TPR,876030107,"Tapestry Inc",284,$115.00,"$32,660.00",0.03%,"$113,242,790.00","2,290,000",229,
09/21/2026,XSPI,TRGP,87612G101,"Targa Resources Corp",300,$292.19,"$87,657.00",0.08%,"$113,242,790.00","2,290,000",229,
09/21/2026,XSPI,TRMB,896239100,"Trimble Inc",332,$57.56,"$19,109.92",0.02%,"$113,242,790.00","2,290,000",229,
09/21/2026,XSPI,TROW,74144T108,"T Rowe Price Group Inc",300,$104.16,"$31,248.00",0.03%,"$113,242,790.00","2,290,000",229,
09/21/2026,XSPI,TRV,89417E109,"Travelers Cos Inc/The",300,$374.62,"$112,386.00",0.10%,"$113,242,790.00","2,290,000",229,
09/21/2026,XSPI,TSCO,892356106,"Tractor Supply Co",937,$32.21,"$30,180.77",0.03%,"$113,242,790.00","2,290,000",229,
09/21/2026,XSPI,TSLA,88160R101,"Tesla Inc","4,870",$364.27,"$1,773,994.90",1.57%,"$113,242,790.00","2,290,000",229,
09/21/2026,XSPI,TSN,902494103,"Tyson Foods Inc",458,$52.77,"$24,168.66",0.02%,"$113,242,790.00","2,290,000",229,
09/21/2026,XSPI,TT,G8994E103,"Trane Technologies PLC",335,$429.11,"$143,751.85",0.13%,"$113,242,790.00","2,290,000",229,
09/21/2026,XSPI,TTD,88339J105,"Trade Desk Inc/The",702,$13.92,"$9,771.84",0.01%,"$113,242,790.00","2,290,000",229,
09/21/2026,XSPI,TTWO,874054109,"Take-Two Interactive Software Inc",255,$205.45,"$52,389.75",0.05%,"$113,242,790.00","2,290,000",229,
09/21/2026,XSPI,TXN,882508104,"Texas Instruments Inc","1,603",$266.64,"$427,423.92",0.38%,"$113,242,790.00","2,290,000",229,
09/21/2026,XSPI,TXT,883203101,"Textron Inc",263,$79.69,"$20,958.47",0.02%,"$113,242,790.00","2,290,000",229,
09/21/2026,XSPI,TYL,902252105,"Tyler Technologies Inc",48,$337.50,"$16,200.00",0.01%,"$113,242,790.00","2,290,000",229,
09/21/2026,XSPI,UAL,910047109,"United Airlines Holdings Inc",501,$108.71,"$54,463.71",0.05%,"$113,242,790.00","2,290,000",229,
09/21/2026,XSPI,UBER,90353T100,"Uber Technologies Inc","3,497",$70.50,"$246,538.50",0.22%,"$113,242,790.00","2,290,000",229,
09/21/2026,XSPI,UDR,902653104,"UDR Inc",503,$33.90,"$17,051.70",0.02%,"$113,242,790.00","2,290,000",229,
09/21/2026,XSPI,UHS,913903100,"Universal Health Services Inc",61,$176.69,"$10,778.09",0.01%,"$113,242,790.00","2,290,000",229,
09/21/2026,XSPI,ULTA,90384S303,"ULTA BEAUTY INC",50,$540.98,"$27,049.00",0.02%,"$113,242,790.00","2,290,000",229,
09/21/2026,XSPI,UNH,91324P102,"UnitedHealth Group Inc","1,609",$376.90,"$606,432.10",0.54%,"$113,242,790.00","2,290,000",229,
09/21/2026,XSPI,UNP,907818108,"Union Pacific Corp",977,$279.37,"$272,944.49",0.24%,"$113,242,790.00","2,290,000",229,
09/21/2026,XSPI,UPS,911312106,"United Parcel Service Inc","1,202",$99.06,"$119,070.12",0.11%,"$113,242,790.00","2,290,000",229,
09/21/2026,XSPI,URI,911363109,"United Rentals Inc",71,"$1,013.91","$71,987.61",0.06%,"$113,242,790.00","2,290,000",229,
09/21/2026,XSPI,USB,902973304,"US Bancorp","2,554",$60.06,"$153,393.24",0.14%,"$113,242,790.00","2,290,000",229,
09/21/2026,XSPI,V,92826C839,"Visa Inc","2,864",$368.29,"$1,054,782.56",0.93%,"$113,242,790.00","2,290,000",229,
09/21/2026,XSPI,VEEV,922475108,"Veeva Systems Inc",234,$260.21,"$60,889.14",0.05%,"$113,242,790.00","2,290,000",229,
09/21/2026,XSPI,VICI,925652109,"VICI Properties Inc","1,705",$23.72,"$40,442.60",0.04%,"$113,242,790.00","2,290,000",229,
09/21/2026,XSPI,VLO,91913Y100,"Valero Energy Corp",486,$413.28,"$200,854.08",0.18%,"$113,242,790.00","2,290,000",229,
09/21/2026,XSPI,VLTO,92338C103,"Veralto Corp",332,$94.49,"$31,370.68",0.03%,"$113,242,790.00","2,290,000",229,
09/21/2026,XSPI,VMC,929160109,"Vulcan Materials Co",229,$240.83,"$55,150.07",0.05%,"$113,242,790.00","2,290,000",229,
09/21/2026,XSPI,VMRK,29476L107,"Vivmark Residential","1,171",$61.22,"$71,712.68",0.06%,"$113,242,790.00","2,290,000",229,
09/21/2026,XSPI,VRSK,92345Y106,"Verisk Analytics Inc",229,$175.41,"$40,168.89",0.04%,"$113,242,790.00","2,290,000",229,
09/21/2026,XSPI,VRSN,92343E102,"VeriSign Inc",93,$303.12,"$28,190.16",0.02%,"$113,242,790.00","2,290,000",229,
09/21/2026,XSPI,VRT,92537N108,"Vertiv Holdings Co",593,$249.39,"$147,888.27",0.13%,"$113,242,790.00","2,290,000",229,
09/21/2026,XSPI,VRTX,92532F100,"Vertex Pharmaceuticals Inc",372,$508.34,"$189,102.48",0.17%,"$113,242,790.00","2,290,000",229,
09/21/2026,XSPI,VST,92840M102,"Vistra Corp",506,$140.44,"$71,062.64",0.06%,"$113,242,790.00","2,290,000",229,
09/21/2026,XSPI,VTR,92276F100,"Ventas Inc",751,$86.69,"$65,104.19",0.06%,"$113,242,790.00","2,290,000",229,
09/21/2026,XSPI,VTRS,92556V106,"Viatris Inc","1,870",$16.95,"$31,696.50",0.03%,"$113,242,790.00","2,290,000",229,
09/21/2026,XSPI,VZ,92343V104,"Verizon Communications Inc","6,945",$48.09,"$333,985.05",0.29%,"$113,242,790.00","2,290,000",229,
09/21/2026,XSPI,WAB,929740108,"Westinghouse Air Brake Technologies Corp",247,$280.23,"$69,216.81",0.06%,"$113,242,790.00","2,290,000",229,
09/21/2026,XSPI,WAT,941848103,"Waters Corp",109,$421.63,"$45,957.67",0.04%,"$113,242,790.00","2,290,000",229,
09/21/2026,XSPI,WBD,934423104,"Warner Bros Discovery Inc","4,003",$27.80,"$111,283.40",0.10%,"$113,242,790.00","2,290,000",229,
09/21/2026,XSPI,WDAY,98138H101,"Workday Inc",300,$193.87,"$58,161.00",0.05%,"$113,242,790.00","2,290,000",229,
09/21/2026,XSPI,WDC,958102105,"Western Digital Corp",561,$441.36,"$247,602.96",0.22%,"$113,242,790.00","2,290,000",229,
09/21/2026,XSPI,WEC,92939U106,"WEC Energy Group Inc",501,$103.17,"$51,688.17",0.05%,"$113,242,790.00","2,290,000",229,
09/21/2026,XSPI,WELL,95040Q104,"Welltower Inc","1,217",$228.87,"$278,534.79",0.25%,"$113,242,790.00","2,290,000",229,
09/21/2026,XSPI,WFC,949746101,"Wells Fargo & Co","5,337",$86.12,"$459,622.44",0.41%,"$113,242,790.00","2,290,000",229,
09/21/2026,XSPI,WM,94106L109,"Waste Management Inc",584,$211.10,"$123,282.40",0.11%,"$113,242,790.00","2,290,000",229,
09/21/2026,XSPI,WMB,969457100,"Williams Cos Inc/The","2,105",$72.05,"$151,665.25",0.13%,"$113,242,790.00","2,290,000",229,
09/21/2026,XSPI,WMT,931142103,"Walmart Inc","7,626",$106.73,"$813,922.98",0.72%,"$113,242,790.00","2,290,000",229,
09/21/2026,XSPI,WRB,084423102,"W R Berkley Corp",491,$69.89,"$34,315.99",0.03%,"$113,242,790.00","2,290,000",229,
09/21/2026,XSPI,WSM,969904101,"Williams-Sonoma Inc",113,$224.20,"$25,334.60",0.02%,"$113,242,790.00","2,290,000",229,
09/21/2026,XSPI,WST,955306105,"West Pharmaceutical Services Inc",80,$362.31,"$28,984.80",0.03%,"$113,242,790.00","2,290,000",229,
09/21/2026,XSPI,WTW,G96629103,"Willis Towers Watson PLC",75,$309.98,"$23,248.50",0.02%,"$113,242,790.00","2,290,000",229,
09/21/2026,XSPI,WY,962166104,"Weyerhaeuser Co","1,164",$21.22,"$24,700.08",0.02%,"$113,242,790.00","2,290,000",229,
09/21/2026,XSPI,WYNN,983134107,"Wynn Resorts Ltd",75,$81.68,"$6,126.00",0.01%,"$113,242,790.00","2,290,000",229,
09/21/2026,XSPI,XEL,98389B100,"Xcel Energy Inc",977,$72.30,"$70,637.10",0.06%,"$113,242,790.00","2,290,000",229,
09/21/2026,XSPI,XOM,30233Q108,"ExxonMobil Holdings Corp","7,367",$163.54,"$1,204,799.18",1.06%,"$113,242,790.00","2,290,000",229,
09/21/2026,XSPI,XYL,98419M100,"Xylem Inc/NY",332,$107.56,"$35,709.92",0.03%,"$113,242,790.00","2,290,000",229,
09/21/2026,XSPI,XYZ,852234103,"Block Inc",798,$76.28,"$60,871.44",0.05%,"$113,242,790.00","2,290,000",229,
09/21/2026,XSPI,YUM,988498101,"Yum! Brands Inc",458,$137.99,"$63,199.42",0.06%,"$113,242,790.00","2,290,000",229,
09/21/2026,XSPI,ZBH,98956P102,"ZIMMER BIOMET HOLDINGS INC",285,$95.36,"$27,177.60",0.02%,"$113,242,790.00","2,290,000",229,
09/21/2026,XSPI,ZBRA,989207105,"Zebra Technologies Corp",54,$346.63,"$18,718.02",0.02%,"$113,242,790.00","2,290,000",229,
09/21/2026,XSPI,ZTS,98978V103,"Zoetis Inc",688,$71.40,"$49,123.20",0.04%,"$113,242,790.00","2,290,000",229,
09/21/2026,XSPI,Cash&Other,Cash&Other,"Cash & Other","1,851,200",$1.00,"$1,851,199.70",1.63%,"$113,242,790.00","2,290,000",229,Y
